component,mixture_weight
1,0.10638297872340427
2,0.0921985815602837
3,0.22695035460992907
4,0.11347517730496456
5,0.46099290780141844
